Opinion | Will Biden's Voting Rights Speech Be Too Little Too Late?, 25 mins ago, Joe Biden has finally issued a full-throated unreserved endorsement of ending the filibuster in order to pass voting rights legislation., https://www.nytimes.com/2022/01/12/opinion/biden-filibuster-voting-rights.html 
Exclusive: Biden sending medical teams to six states to help hospitals overwhelmed by COVID-19, 40 mins ago, The federal government is sending teams to New York New Jersey Ohio Rhode Island Michigan and New Mexico to help hospitals overwhelmed by COVID., https://www.usatoday.com/story/news/politics/2022/01/12/biden-medical-teams-six-states-hospitals-covid/9191276002/ 
January 6 panel to invite House Republican leader Kevin McCarthy to testify – as it happened, 42 mins ago, Chairman Bennie Thompson says House minority leader will be invited to go before committee – follow the latest., https://www.theguardian.com/us-news/live/2022/jan/12/democrats-biden-voting-rights-filibuster-us-politics-live-latest 
Obama backs Biden's call to change filibuster rules and pass voting rights legislation, 46 mins ago, Former President Barack Obama used his first op-ed since leaving the White House to back President Joe Biden's call to change Senate filibuster rules in..., https://www.politico.com/news/2022/01/12/barack-obama-change-filibuster-rules-voting-rights-527007 
Schumer reveals endgame for clash over filibuster and voting reform, 59 mins ago, Chuck Schumer will bring elections and voting legislation to the Senate floor in the coming days using existing congressional rules to evade an initial GOP..., https://www.politico.com/news/2022/01/12/biden-to-address-senate-dems-on-cusp-of-election-reform-showdown-526971 
Now Biden's given America the worst inflation in 40 years, 1 hour ago, It's been four decades since consumers got slammed this hard yet President Joe Biden and his fellow Democrats — whose policies fueled inflation in the..., https://nypost.com/2022/01/12/now-bidens-given-america-the-worst-inflation-in-40-years/ 
Kudlow: Biden is going to suffer another massive defeat as his presidency continues to unravel, 1 hour ago, 'Kudlow' reveals the 'divisiveness' in the administration's policies throughout Biden's presidency., https://www.foxbusiness.com/kudlow/kudlow-biden-is-going-to-suffer-another-massive-defeat 
As Infrastructure Money Flows Wastewater Improvements Are Key, 1 hour ago, The new law allocates $11.7 billion for wastewater and stormwater projects. Will it get to the impoverished communities who need it most?, https://www.nytimes.com/2022/01/12/us/politics/infrastructure-environmental-racism-alabama-black-belt.html 
'The Five' discuss Biden's links to segregationists, 1 hour ago, 'The Five' panel reacts to Democrats accusing Republicans of racism over voting laws.#FoxNews #TheFiveSubscribe to Fox News! https://bit.ly/2vBUvASWatch..., https://www.youtube.com/watch%3Fv%3DpIOdc-bG-w8 
Biden DOJ says families separated at border don't deserve compensation despite his call for it, 1 hour ago, President Biden's Justice Department has argued in court that families separated at the border during the Trump years are not entitled to compensation..., https://www.foxnews.com/politics/biden-doj-says-families-separated-border-dont-deserve-compensation-despite-his-support 
Republican McConnell slams Biden voting rights speech as 'unpresidential', 1 hour ago, President Joe Biden had criticised opponents to his election reforms in a fiery speech on Tuesday., https://www.bbc.co.uk/news/world-us-canada-59974375 
Psaki finds GOP criticism of Biden's voting rights speech 'hilarious', 1 hour ago, Psaki said the harsh criticism of Biden's speech on voting rights in Georgia was "hilarious given how many people sat silently" during Trump's presidency., https://nypost.com/2022/01/12/psaki-finds-criticism-of-bidens-voting-speech-hilarious/ 
White House Responds To McConnell's Criticisms Of Biden's Speech, 1 hour ago, Jen Psaki responds to a question about Mitch McConnell during a White House Press Briefing.Stay ConnectedForbes on Facebook: http://fb.com/forbesForbes..., https://www.youtube.com/watch%3Fv%3D-2TVoEhsPfs 
Top Democrat concedes Biden may have gone 'a little too far' in comparing some lawmakers to segregationists, 1 hour ago, Senate Majority Whip Dick Durbin on Wednesday said President Joe Biden may have gone "a little too far in his rhetoric" when he compared lawmakers who do..., https://www.cnn.com/2022/01/12/politics/dick-durbin-voting-rights-biden-segregationists/index.html 
What Chuck Schumer has to say about Mitt Romney equating Trump Biden, 2 hours ago, Senate Majority Leader Chuck Schumer took strong issue with Utah Sen. Mitt Romney comparing former President Donald Trump to President Joe Biden regarding..., https://www.deseret.com/utah/2022/1/12/22880895/what-chuck-schumer-says-mitt-romneys-joe-biden-donald-trump-filibuster-voting-rights-politics 
Mitch McConnell just broke up with Joe Biden, 2 hours ago, One of the enduring storylines of Barack Obama's presidency was the working relationship — and dare I say friendship — between Vice President Joe Biden and..., https://www.cnn.com/2022/01/12/politics/mitch-mcconnell-biden-relationship/index.html 
San Diego 9th Circuit judge stepping back creating opening for Biden nomination, 2 hours ago, Judge Margaret McKeown will go on senior status upon appointment of her replacement she announced this week., https://www.sandiegouniontribune.com/news/courts/story/2022-01-12/9th-circuit-mckeown-senior-status 
Trump allies' fake Electoral College certificates offer fresh insights about plot to overturn Biden's victory, 2 hours ago, In the weeks after the 2020 election then-President Donald Trump's allies sent fake certificates to the National Archives declaring that Trump won seven..., https://www.cnn.com/2022/01/12/politics/trump-overturn-2020-election-fake-electoral-college/index.html 
Sen. Tim Scott: Biden's voting rights speech was 'offensive' to me as a Southerner and an American, 2 hours ago, Sen. Tim Scott R-S.C. said he was "offended" by President Biden's divisive election overhaul speech on Wednesday telling Fox News that the country has..., https://www.foxnews.com/media/sen-tim-scott-bidens-voting-rights-speech-was-offensive-to-me-as-a-southerner-and-an-american 
Durbin says Biden may have gone 'a little too far' in Georgia speech | TheHill, 2 hours ago, Sen. Dick Durbin (Ill.) the No., https://thehill.com/homenews/senate/589499-durbin-perhaps-the-president-went-a-little-too-far-in-his-rhetoric-in-georgia 
First Thing: Joe Biden backs filibuster rule change to push voting rights bill, 2 hours ago, US president throws support behind plan to change rules that allow minority of senators to kill proposed laws. Plus inside Trump's new Manhattan bar., https://www.theguardian.com/us-news/2022/jan/12/first-thing-joe-biden-backs-filibuster-rule-change-to-push-voting-rights-bill 
Biden’s Georgia Election-Law Distortions, 2 hours ago, President Biden went down to Georgia Tuesday to deliver an apocalyptic speech about the dangers facing our democracy. This is he said..., https://www.wsj.com/articles/biden-georgia-election-distortions-freedom-vote-act-right-john-lewis-jim-crow-new-york-ballot-mail-11642020035 
Biden’s Operation Snail Speed on Covid Therapies, 2 hours ago, The Biden Administration on Tuesday ordered another 600000 doses of GlaxoSmithKline and Vir Biotechnology's monoclonal antibody. Last week it increased its..., https://www.wsj.com/articles/bidens-operation-snail-speed-covid-therapies-pfizer-merck-ridgeback-vir-11642024875 
A Joe Biden–Liz Cheney 2024 Ticket Won’t Save America, 2 hours ago, Thomas Friedman suggests a Biden-Cheney fusion ticket to stop Donald Trump in 2024 citing an Israeli precedent. It's not an apt comparison and wouldn't..., https://nymag.com/intelligencer/2022/01/joe-biden-liz-cheney-2024-ticket.html 
Biden 'perhaps went a little too far' in elections overhaul speech says liberal senator and ally Dick Durbin, 2 hours ago, Sen. Dick Durbin (D-Ill.) admitted that President Biden perhaps went “too far” in his racially charged Tuesday speech linking Republicans opposed to his..., https://www.foxnews.com/politics/illinois-sen-durbin-biden-too-far-elections-overhaul-speech 
Psaki brushes off McConnell calls criticisms of Biden’s speech ‘hilarious’, 2 hours ago, White House Press Secretary Jen Psaki took aim at critics of President Biden's speech on voting rights calling critiques of his demeanor 'hilarious', https://www.foxnews.com/politics/psaki-brushes-off-mcconnell-calls-criticisms-of-bidens-speech-hilarious 
Fauci says US won't 'eradicate' COVID-19 despite Biden pledge to 'shut down the virus', 3 hours ago, National Institute of Allergy and Infectious Diseases director Dr. Anthony Fauci repeated his claim on Wednesday that the United States will not “eradicate”..., https://www.foxnews.com/politics/fauci-says-us-wont-eradicate-covid-19-despite-biden-pledge 
Biden approval rating in Quinnipiac poll drops again -- to 33 percent, 3 hours ago, The latest Quinnipiac University poll found that 53 percent of Americans disapprove of the job President Joe Biden is doing., https://nypost.com/2022/01/12/biden-approval-rating-in-drops-again-to-33-percent-poll/ 
Dems switch strategy on voting bill as Biden pushes action, 3 hours ago, Lacking the votes needed to change the filibuster Senate Democrats are pushing ahead with a new strategy on their sweeping voting and elections..., https://abcnews.go.com/Politics/wireStory/biden-huddle-senate-democrats-voting-bills-82224574 
Biden imposes first sanctions over North Korea weapons program after missile tests, 3 hours ago, The Biden administration on Wednesday imposed its first sanctions over North Korea's weapons programs following a series of North Korean missile launches..., https://www.reuters.com/world/asia-pacific/us-imposes-sanctions-north-koreans-russian-after-missile-tests-2022-01-12/ 
Psaki pushes back on criticism of Biden's voting rights speech | TheHill, 3 hours ago, The White House on Wednesday pushed back on rebukes of President Biden's speech in Georgia calling criticism from some Republican lawmakers "hilarious.", https://thehill.com/homenews/administration/589488-psaki-pushes-back-on-criticism-of-bidens-voting-rights-speech-calling 
Inflation offers steep hike for Biden | TheHill, 3 hours ago, The White House is grappling with another gloomy inflation report that threatens both President Biden's sweeping social spending bill and Democrats'..., https://thehill.com/homenews/administration/589493-inflation-offers-steep-hike-for-biden 
Psaki dismisses Mitt Romney's comparison of Biden and Trump, 3 hours ago, Jen Psaki on Wednesday rejected Sen. Mitt Romney's comparison of Biden and Trump. Romney equated Trump's 2020 election lies to Biden's push to advance..., https://www.businessinsider.com/psaki-dismisses-mitt-romneys-comparison-of-biden-and-trump-2022-1 
White House departures send tremors through environmental community, 3 hours ago, The resignations of two high-profile White House environmental officials have rattled activists who fear President Joe Biden will fail to deliver on his..., https://www.politico.com/news/2022/01/12/white-house-environmental-justice-exits-526996 
Mitch McConnell calls Biden's speech 'incoherent' and 'beneath his office', 3 hours ago, Senate Minority Leader Mitch McConnell blasted President Joe Biden's speech pushing for the Senate to change its filibuster rules to pass voting and..., https://www.cnn.com/2022/01/12/politics/mitch-mcconnell-biden-speech-reaction/index.html 
Biden judicial nominee grilled amid objections by GOP home state senators, 3 hours ago, Senate Republicans on Wednesday criticized the White House for failing to sufficiently consult two Tennessee GOP senators about President Joe Biden's..., https://www.reuters.com/legal/government/biden-judicial-nominee-grilled-amid-objections-by-gop-home-state-senators-2022-01-12/ 
Sen. Durbin reacts to McConnell's criticism of Biden, 3 hours ago, Senate Majority Whip Dick Durbin (D-IL) reacted to Mitch McConnell's criticism of Biden's voting rights speech. Durbin told CNN's Jake Tapper the 'stark'..., https://www.cnn.com/videos/politics/2022/01/12/durbin-mcconnell-voting-rights-lead-tapper-vpx.cnn 
Covid News: Omicron Causes Fewer and Shorter Hospitalizations Study Shows, 3 hours ago, U.S. senators condemned health officials over the Biden administration's response to Omicron. Over half of Europe could be infected in the next two months..., https://www.nytimes.com/live/2022/01/11/world/omicron-covid-testing-vaccines 
Biden to meet Senate Democrats in bid to revive voting rights push, 3 hours ago, President expected to discuss changes to Senate rules to overcome Republican filibusters on long-stalled drive for legislation. Joe Biden on Capitol Hill on..., https://www.theguardian.com/us-news/2022/jan/12/biden-senate-democrats-voting-rights-push 
McConnell calls Biden's voting rights speech 'profoundly unpresidential', 3 hours ago, Senate Minority Leader Mitch McConnell R-Ky. on We denounced President Joe Biden's call for an end to the filibuster to allow for passage of federal..., https://www.nbcnews.com/politics/congress/mcconnell-calls-biden-s-voting-rights-speech-profoundly-unpresidential-n1287368 
'He's a friend' Biden says in response to fiery McConnell speech, 3 hours ago, President Biden appeared unfazed by the fiery criticisms Senate Majority Leader Mitch McConnell (R-Ky.) leveled against him in a Senate speech Wednesday..., https://theweek.com/mitch-mcconnell/1008927/hes-a-friend-biden-says-in-response-to-fiery-mcconnell-speech 
Senate panel approves LA mayor after attending Hunter Biden art show, 3 hours ago, Mayor Eric Garcetti won approval from the Senate Foreign Relations Committee to be President Biden's ambassador to India — months after attending Hunter..., https://nypost.com/2022/01/12/senate-panel-approves-la-mayor-garcetti-for-india-ambassador/ 
The Memo: Biden's overpromising problem | TheHill, 3 hours ago, President Biden's troubles are coalescing into one major problem — the perception that he promised more than he has delivered., https://thehill.com/homenews/administration/589478-the-memo-bidens-overpromising-problem 
Exclusive: Biden weighing cuts to 2022 ethanol blending mandate proposal, 4 hours ago, The Biden administration is considering lowering the 2022 ethanol blending mandate below the proposed 15 billion gallons amid backlash from the oil refining..., https://www.reuters.com/business/energy/exclusive-biden-weighing-cuts-2022-ethanol-blending-mandate-proposal-sources-2022-01-12/ 
McConnell slams Biden speech: 'I did not recognize the man at the podium yesterday', 4 hours ago, Senate Minority Leader Mitch McConnell blasted President Joe Biden's Tuesday speech in Atlanta endorsing Democrats' election reforms expressing displeasure..., https://local12.com/news/nation-world/mcconnell-blasts-biden-speech-says-it-shows-why-senate-rules-should-be-preserved-mitch-joe-atlanta-president-filibuster-congress-voting-rights-bill-law 
Kudlow: This is another major defeat for Biden, 4 hours ago, 'Kudlow' breaks down the Democratic policies that 'continue to unravel.' #FOXBusiness #KudlowSubscribe to Fox Business! https://bit.ly/2D9CdseWatch more Fox..., https://www.youtube.com/watch%3Fv%3DIo1AAmHwdqk 
Senate Democrats on brink of defeat on voting legislation despite frantic push, 4 hours ago, Senate Democrats are desperately searching for a way to pass voting legislation amid pressure from President Joe Biden but the path ahead looks..., https://www.cnn.com/2022/01/12/politics/senate-democrats-voting-rights-push/index.html 
President Biden called Philadelphia’s fire union head Monday to discuss last week’s Fairmount blaze, 4 hours ago, President Joe Biden on Monday called the head of Philadelphia's fire union to discuss last week's fatal blaze in Fairmount where nine children and three..., https://www.inquirer.com/news/philadelphia-fire-fairmount-biden-call-union-firefighters-20220112.html 
President Biden's Speech in Atlanta Was Designed to Appeal to Black Voters—But Not Everything About It Succeeded, 4 hours ago, Biden and Harris had a message for Black voters—that they're serious about voting rights—but it didn't always get through., https://time.com/6138657/voting-rights-biden-harris-race/ 
Voting advocates focus on next steps after Biden speech | TheHill, 4 hours ago, Advocacy groups and civil rights leaders are proceeding with cautious optimism after President Biden delivered an impassioned speech this week calling for..., https://thehill.com/homenews/administration/589474-voting-advocates-focus-on-next-steps-after-biden-speech 
Biden's approval rating drops to new low of 33% on concerns about his handling of COVID economy: poll, 4 hours ago, More than half of Americans disapprove of Biden's handling of the economy COVID-19 and foreign policy in a new Quinnipiac University poll., https://www.usatoday.com/story/news/politics/2022/01/12/bidens-approval-rating-new-low-covid-economy/9189510002/ 
4 of McConnell's spiciest retorts to Biden's 'unpresidential' voting rights speech, 4 hours ago, Senate Minority Leader Mitch McConnell (R-Ky.) tore into President Biden's voting rights speech Wednesday calling it a "rant" that was "incoherent..., https://theweek.com/politics/1008924/4-of-mcconnells-spiciest-retorts-to-bidens-unpresidential-voting-rights-speech 
Biden Democrats call for sanctions on Putin other top Russian officials if Kremlin invades Ukraine, 4 hours ago, WASHINGTON – The Biden administration and Senate Democrats have teamed up on a proposal to personally sanction Russian President Vladimir Putin and members..., https://www.usatoday.com/story/news/politics/2022/01/12/russia-ukraine-invasion-democrats-threaten-sanctions/9185733002/ 
Only a third of Americans give Biden a thumbs-up in new national poll, 4 hours ago, President Biden's standing with Americans remains firmly in negative territory as the new year gets underway according to a new national poll., https://www.foxnews.com/politics/only-third-americans-give-biden-thumbs-up-new-national-poll 
McConnell tears into Biden's 'unpresidential' attacks, 4 hours ago, Senate Minority Leader Mitch McConnell R-Ky. delivered remarks on the Senate floor saying he did not recognize Biden when he delivered his voting rights..., https://www.youtube.com/watch%3Fv%3D7pK1K70-VeE 
Judge critical of Biden administration's progress on student debt relief claims, 5 hours ago, A federal judge is criticizing the Biden administration for not moving quickly enough to resolve claims from defrauded student loan borrowers who sued over..., https://www.washingtonpost.com/education/2022/01/12/student-debt-relief-backlog-biden/ 
Why Biden Democrats Push Voting Bills Against Odds, 5 hours ago, WASHINGTON—President Biden's speech in Georgia Tuesday didn't appear to change the political reality back in Washington that long-stalled elections bills..., https://www.wsj.com/articles/why-biden-democrats-push-voting-bills-against-odds-11641992402 
McConnell rips Biden’s voting rights speech as 'profoundly unpresidential', 5 hours ago, Senate Minority Leader Mitch McConnell ripped into President Biden's Georgia speech on the Democratic push for voting rights legislation..., https://nypost.com/2022/01/12/mcconnell-rips-bidens-speech-as-profoundly-unpresidential/ 
Biden’s Infrastructure Czar Says Fixing New Orleans Prepared Him for Job Ahead, 5 hours ago, Critics accused former New Orleans mayor Mitch Landrieu of moving too slowly to address aging infrastructure; the former mayor says the experience prepared..., https://www.wsj.com/articles/bidens-infrastructure-czar-says-fixing-new-orleans-prepared-him-for-job-ahead-11642020742 
President Joe Biden's voting rights 'rant' was 'beneath his office': Mitch McConnell, 5 hours ago, Senate Minority Leader Mitch McConnell blasted President Joe Biden and his speech on voting rights calling it a 'rant' that was 'beneath his office., https://www.youtube.com/watch%3Fv%3D-ozkIRbnhuU 
McConnell: Biden's voting rights speech "profoundly unpresidential", 5 hours ago, Senate Minority Leader Mitch McConnell (R-Ky.) on the Senate floor Wednesday slammed President Biden's voting rights speech calling it "divisive" and..., https://www.axios.com/mcconnell-biden-voting-rights-filibuster-07015c5f-e66f-4ec6-a400-8e8d5f90a886.html 
Quinnipiac poll shows Biden with 33 percent approval rating | TheHill, 5 hours ago, Just one-third of Americans approve of the job President Biden is doing a new low for the president in a Quinnipiac University poll released Wednesday., https://thehill.com/homenews/administration/589450-quinnipiac-poll-shows-biden-with-33-percent-approval-rating 
Biden pays silent tribute as Reid lies in state at Capitol, 5 hours ago, WASHINGTON (AP) — The late Sen. Harry Reid was remembered Wednesday at the U.S. Capitol as a “legendary leader” a hardscrabble Democrat who rose from..., https://apnews.com/article/harry-reid-lies-in-state-9a12e3fc2196e36cedcd2cb5b5da01d7 
Biden administration announces record-breaking offshore wind lease sale, 5 hours ago, The Biden administration continues to make progress on its climate agenda with several federal agencies announcing new clean energy projects that aim to..., https://abcnews.go.com/US/biden-administration-announces-record-breaking-offshore-wind-lease/story%3Fid%3D82228323 
Historic inflation under Biden now leading to empty shelves, 5 hours ago, 'Outnumbered' panel react to a D.C. shopper comparing the empty grocery store shelves to the Soviet Union. #FoxNewsSubscribe to Fox News!, https://www.youtube.com/watch%3Fv%3DFy5UJKz5igY 
JUST IN: Ted Cruz Accuses Biden Of Delivering 'Racist Speech' In Georgia, 5 hours ago, On the Senate floor Sen. Ted Cruz (R-TX) slammed President Biden's speech in Georgia on voting rights calling it "an incredibly demagogic racist speech..., https://www.youtube.com/watch%3Fv%3DW_UMkjTyksI 
It's time to choose Biden tells Republicans in fiery voting rights speech, 5 hours ago, President Joe Biden on Tuesday made a full-throated appeal for U.S. voting rights legislation stalled in Congress saying Democratic lawmakers should..., https://www.reuters.com/world/us/biden-champion-voting-rights-georgia-clock-ticks-reforms-2022-01-11/ 
As COVID rages Biden shows true colors – and his administration's incompetence, 5 hours ago, As the COVID-19 pandemic sweeps across the country Biden has proved he isn't just a failure. He also simply doesn't care., https://www.foxnews.com/opinion/covid-rages-biden-admin-incompetence-ronna-mcdaniel 
Tensions at PBS over who should conduct Biden interview: report, 5 hours ago, When an interview with Biden was granted to PBS tensions arose between Yamiche Alcindor and Judy Woodruff over who should conduct the questioning., https://nypost.com/2022/01/12/tensions-at-pbs-over-biden-interview-jockeying-report/ 
Is Inflation a Microeconomic Problem? That’s What Biden’s Competition Push Is Betting, 5 hours ago, Efforts to boost the economy's supply side such as in meat and shipping might underplay bigger forces such as excess demand., https://www.wsj.com/articles/is-inflation-a-microeconomic-problem-thats-what-bidens-competition-push-is-betting-11641997002 
'You Want To Take Another Crack At That?': John Kennedy Grills Biden Nominee, 5 hours ago, At today's Senate Judiciary Committee hearing Sen. John Kennedy (R-LA) questioned Jessica Clarke nominee to be United States District Judge for the..., https://www.youtube.com/watch%3Fv%3D_ErRN10sk5c 
Biden admin hits North Korea officials with sanctions over hypersonic missile test, 5 hours ago, North Korea leader Kim Jong Un claimed the successful missile test would greatly increase the country's nuclear "war deterrent.", https://www.foxnews.com/world/biden-admin-north-korea-sanctions-hypersonic-missile-test 
Price spikes threaten to ground Biden's big-spending plans, 5 hours ago, President Joe Biden suffered a new blow to his economic agenda this week with the latest hot inflation data following a warning from Federal Reserve Chair..., https://www.politico.com/news/2022/01/12/inflation-biden-economy-agenda-526980 
McConnell blasts Biden's voting rights speech as 'rage and false hysteria', 6 hours ago, Sen. Mitch McConnell blasted President Joe Biden from the Senate floor Wednesday over his speech one day earlier calling for filibuster changes to pass..., https://abcnews.go.com/Politics/mcconnell-blasts-bidens-voting-rights-speech-rage-false/story%3Fid%3D82227148 
Opinion | How Biden is working to save Putin's pipeline, 6 hours ago, President Biden's national security team worked hard this week to defeat a GOP congressional effort to sanction a Russian-German energy project that will..., https://www.washingtonpost.com/opinions/2022/01/12/how-biden-is-working-save-putins-pipeline/ 
The real sleeper Democratic 2024 tickets (not really), 6 hours ago, We here at The Fix are upset. We're upset that you people decided Tuesday was the day to talk about sleeper tickets for the 2024 Democratic nomination..., https://www.washingtonpost.com/politics/2022/01/12/hillary-clinton-2024-biden-cheney-2024-no-here-are-real-sleeper-democratic-tickets/ 
Biden Administration to Offer Schools Millions of Free Covid-19 Tests Each Month, 6 hours ago, The Biden administration plans to begin shipping five million free rapid Covid-19 tests to K-12 schools each month White House officials said., https://www.wsj.com/articles/biden-administration-to-offer-schools-millions-of-free-covid-19-tests-each-month-11641981601 
Biden slammed for inaccuracy other blunders during speech on election reform, 6 hours ago, Critics are slamming President Joe Biden for a variety of questionable statements and inaccuracies during a speech he gave in Atlanta Tuesday endorsing..., https://komonews.com/news/nation-world/biden-slammed-for-inaccuracy-other-blunders-during-speech-on-election-reform 
Mitt Romney says Biden failed to increase COVID testing before omicron surge, 6 hours ago, The omicron variant is surging in the U.S. As Americans endure long lines for a COVID-19 test Utah Sen. Mitt Romney blames the Biden administration for not..., https://www.deseret.com/utah/2022/1/12/22880306/mitt-romney-blames-joe-biden-failure-to-increase-covid-testing-before-omicron-surge 
Quinnipiac Has Biden at 33 Percent Approval, 6 hours ago, It's an outlier yes but goodness is today's Quinnipiac poll a disaster for President Biden., https://www.nationalreview.com/corner/quinnipiac-has-biden-at-33-percent-approval/ 
Hunter Biden's ex-wife Kathleen Buhle will release memoir, 6 hours ago, Hunter Biden's ex-wife Kathleen Buhle will release a memoir in the run-up to the midterm elections about the breakdown of their 24-year marriage., https://www.dailymail.co.uk/news/article-10395567/Hunter-Bidens-ex-wife-Kathleen-Buhle-release-memoir.html 
McConnell fires back at Biden's 'profoundly unpresidential' speech: 'Deliberately divisive', 6 hours ago, McConnell torched the president from the Senate floor on Wednesday calling Biden's speech “deliberately divisive” and one that was “designed to pull our..., https://www.foxnews.com/politics/mcconnell-fires-back-biden-unpresidential-speech-deliberately-divisive 
Biden team weighs killing Trump’s new nuclear weapons, 6 hours ago, The Biden administration is considering killing off several nuclear weapons programs that were greenlit by the Trump White House as an internal debate over..., https://www.politico.com/news/2022/01/12/biden-trump-nuclear-weapons-526976 
McCarthy Foxx demand Biden education secretary turn over correspondence with teachers unions, 6 hours ago, Additionally the lawmakers noted that December department data showed only 4% of American Rescue Plan funds for school districts had been touched., https://www.foxnews.com/politics/mccarthy-foxx-demand-biden-education-secretary-teachers-unions 
Deconstructing the case for a 2024 Hillary Clinton bid, 6 hours ago, Hillary Clinton is perfectly positioned to step into the breach created by an unpopular Joe Biden and a shaky Kamala Harris in 2024 according to a new..., https://www.cnn.com/2022/01/12/politics/hillary-clinton-2024-presidential-election/index.html 
NYT's Friedman ripped for suggesting Biden-Cheney 2024 ticket: 'The worst timeline', 7 hours ago, New York Times columnist Thomas Friedman was mocked on social media after he floated the possibility that President Biden could replace Vice President..., https://nypost.com/2022/01/12/nyts-friedman-ripped-for-suggesting-biden-cheney-2024-ticket/ 
Biden Administration Making Lists of Religious Vaccine Objectors, 7 hours ago, The announcement does not say what the agency will do with this information after it has decided an employee's religious accommodation request. Biden is..., https://www.heritage.org/religious-liberty/commentary/biden-administration-making-lists-religious-vaccine-objectors 
McConnell Tears into Biden’s Atlanta Speech: ‘Incoherent Incorrect and Beneath His Office’, 7 hours ago, Mitch McConnell (R. Ky.) tore into President Biden's speech advocating a suspension of filibuster rules in remarks on the Senate floor on Wednesday., https://www.yahoo.com/entertainment/mcconnell-tears-biden-atlanta-speech-184947234.html 
McConnell says Biden speech was 'incoherent incorrect and beneath his office' | TheHill, 7 hours ago, Senate Minority Leader Mitch McConnell (R-Ky.) on Wednesday offered a blistering rebuke of President Biden's speech in Georgia in which the president..., https://thehill.com/homenews/senate/589417-mcconnell-offers-blistering-rebuke-of-bidens-georgia-speech-incoherent 
Georgia secretary of state on 'Kilmeade Show': Biden is just ‘dead wrong’ on state's election law, 7 hours ago, Georgia Secretary of State Brad Raffensperger on “The Brian Kilmeade Show” Wednesday defended Georgia's election reform law after President Biden compared..., https://www.foxnews.com/media/georgia-secretary-state-biden-dead-wrong-voter-reform 
Biden concedes he has 'more work to do' on fighting price hikes as inflation frustrations threaten his domestic agenda, 7 hours ago, President Joe Biden on Wednesday said the latest report on inflation in the US shows there is more work to do on lowering consumer prices..., https://www.cnn.com/2022/01/12/politics/joe-biden-inflation-december/index.html 
'Hillary has a better chance in 2024 than Biden': Internet erupts over possible Clinton-Trump race, 7 hours ago, Twitter lit up after several recent opinion pieces from seasoned political experts hold up Hillary Clinton as a potential 2024 nominee in light of Joe..., https://www.dailymail.co.uk/news/article-10395225/Hillary-better-chance-2024-Biden-Internet-erupts-possible-Clinton-Trump-race.html 
Biden says inflation report shows progress in slowing down runaway prices, 7 hours ago, President Joe Biden on Wednesday touted the latest consumer inflation report as evidence that price jumps have started to slow., https://www.cnbc.com/2022/01/12/biden-says-cpi-inflation-report-shows-progress-in-slowing-down-high-prices.html 
Biden administration announces new measures to upgrade power grid, 7 hours ago, With its landmark climate legislation in jeopardy the Biden administration has announced a series of new initiatives to accelerate the US's transition to a..., https://www.engadget.com/biden-administration-climate-change-policy-181033816.html 
Joe Manchin is turning his back on coal miners by rejecting Biden's bill, 8 hours ago, How Sen. Joe Manchin's opposition to the Build Back Better bill aligns him with big business interests., https://www.msnbc.com/opinion/joe-manchin-turning-his-back-coal-miners-rejecting-biden-s-n1287338 
POLITICO Playbook PM: Biden takes another inflation hit - POLITICO, 8 hours ago, The newest inflation numbers out this morning showed that consumer prices in December leaped 7% year over year as what is perhaps the top economic..., https://www.politico.com/newsletters/playbook-pm/2022/01/12/biden-takes-another-inflation-hit-495699 
Here are Democrats’ options for changing the filibuster as Biden presses case for voting-rights bills, 8 hours ago, President Joe Biden on Tuesday said he supports changing Senate filibuster rules “whichever way they need to be changed” to advance voting-rights..., https://www.marketwatch.com/story/here-are-democrats-options-for-changing-the-filibuster-as-biden-presses-case-for-voting-rights-bills-11642010423 
Biden says he is 'making progress' on still-rising inflation, 8 hours ago, President Biden insisted Wednesday that the morning's report "shows a meaningful reduction in headline inflation.", https://nypost.com/2022/01/12/biden-says-he-is-making-progress-on-still-rising-inflation/ 
“I Lost a Sense of Who I Was”: Hunter Biden’s Ex-Wife Kathleen Buhle Recounts Divorce in New Memoir, 8 hours ago, Hunter Biden's ex-wife Kathleen Buhle will address their divorce in her new book 'If We Break' as well as the impact addiction had on their relationship..., https://www.vanityfair.com/style/2022/01/hunter-biden-ex-wife-kathleen-buhle-book-if-we-break-divorce-drug-addiction 
Biden eliminating filibuster is ‘political theatre’: Georgia AG Chris Carr, 8 hours ago, Georgia Attorney General Chris Carr joined “Varney & Co.” Wednesday arguing that Biden's push to eliminate filibuster rules is a “distraction” from real..., https://www.foxbusiness.com/politics/biden-eliminating-filibuster-political-theatre-georgia 
Messy job reports and unreliable labor forecasts take a toll on Biden's first year, 8 hours ago, In 2021 the Labor Department's initial monthly jobs report and Wall Street's estimates were less reliable — and President Biden paid a political price for..., https://www.cnbc.com/2022/01/12/messy-2021-jobs-reports-take-toll-on-joe-biden.html 
Biden sending more COVID tests to schools to keep them open, 8 hours ago, The Biden administration is increasing federal support for COVID-19 testing for schools in a bid to keep them open amid the omicron surge., https://apnews.com/article/biden-covid-tests-schools-b03b786fcf9ab777d5b586687a8bf032 
Why Democrats Need to Be Careful on the Filibuster, 8 hours ago, As Democrats consider scrapping the filibuster for voting-rights bills Mitch McConnell is warning: be careful what you wish for., https://time.com/6138838/democrats-filibuster-voting-mcconnell/ 
Welcome to Biden's inflation tax America, 8 hours ago, As inflation soars call it déjà vu all over again for those of us who are old enough to remember the malaise and hardships of the 1970s., https://www.foxbusiness.com/politics/welcome-to-the-bidens-inflation-tax-america 
Biden surgeon general thanks teachers union chief Randi Weingarten for 'leadership', 8 hours ago, U.S. Surgeon General Vivek Murthy showered American Federation of Teachers president Randi Weingarten with praise during an AFT virtual event on Tuesday., https://www.foxnews.com/politics/biden-surgeon-general-thanks-teachers-federation-president-weingarten-leadership 
MSNBC's Al Sharpton: Biden's voting address was a 'you're going to hell' speech not a vote-getting one, 8 hours ago, MSNBC's Al Sharpton said President Biden's emotionally charged address Tuesday was not one intended to win support for sweeping Democratic election..., https://www.foxnews.com/media/msnbcs-al-sharpton-bidens-voting-address-hell-vote 
Biden says administration 'making progress' slowing rate of price increases | TheHill, 8 hours ago, President Biden said Wednesday the newest data on inflation shows his administration is “making progress in slowing the rate of price increases” but..., https://thehill.com/policy/finance/589385-biden-says-administration-making-progress-slowing-rate-of-price-increases 
Biden to huddle with Senate Dems in push to trash filibuster rule, 8 hours ago, President Biden will come to the Capitol Thursday as he tries to ramp up pressure on moderate Sens. Joe Manchin and Kyrsten Sinema., https://nypost.com/2022/01/12/biden-to-huddle-with-senate-dems-amid-push-to-trash-filibuster/ 
Omicron cuts through U.S. defenses despite Biden's efforts, 8 hours ago, President Biden plans to speak about the COVID-19 pandemic on Thursday as he faces rising criticism during the Omicron wave., https://www.latimes.com/politics/story/2022-01-12/omicron-cuts-through-american-defenses-despite-biden-efforts 
Biden administration announces actions bolstering clean energy | TheHill, 8 hours ago, The Biden administration is announcing steps on Wednesday to boost clean energy — particularly through offshore wind renewable energy on public lands and..., https://thehill.com/policy/energy-environment/589312-biden-administration-announces-actions-bolstering-clean-energy 
Biden administration 'actively exploring' boosting supply of higher-quality N95 KN95 masks, 9 hours ago, The US Centers for Disease Control and Prevention has not changed its guidance on mask usage but the Biden administration is "strongly considering" making..., https://www.cnn.com/2022/01/12/politics/biden-administration-covid-masks-kn95-n95/index.html 
Biden administration announces additional purchase of 500000 AstraZeneca Covid-19 treatment courses, 9 hours ago, The Biden administration announced Wednesday the purchase of additional courses of a Covid-19 treatment manufactured by drugmaker AstraZeneca., https://www.cnn.com/2022/01/12/politics/astrazeneca-covid-19-treatment-purchase/index.html 
Joe Biden admits 'more work to do' as US inflation hits 7% for first time in nearly 40 years, 9 hours ago, The president faces political pressure as the cost of living surge takes a growing toll on the world's biggest economy., https://news.sky.com/story/biden-admits-more-work-to-do-as-us-inflation-hits-7-for-first-time-in-nearly-40-years-12514453 
Voting Rights Speech: Joe Biden's Disgraceful Voting Speech, 9 hours ago, The Georgia voting rights speech wasn't just low and dishonest it was likely politically incompetent as well — the Joe Biden trifecta., https://www.nationalreview.com/2022/01/bidens-disgraceful-voting-speech/ 
Varney: Biden's COVID policy is collapsing, 9 hours ago, FOX Business' Stuart Varney rips the Biden administration's botched efforts to curb the virus., https://www.foxbusiness.com/media/varney-bidens-covid-policy-is-collapsing 
Biden former congressional colleagues pay tribute to Reid who is lying in state at U.S. Capitol, 9 hours ago, President Biden and former congressional colleagues Wednesday paid tribute to the late senator Harry M. Reid who lay in state in the U.S. Capitol Rotunda..., https://www.washingtonpost.com/politics/2022/01/12/former-congressional-colleagues-pay-tribute-reid-who-will-lie-state-us-capitol/ 
Dangers of human smuggling and Biden's border policy | TheHill, 9 hours ago, We hear a lot about human trafficking and the unprecedented number of illegal crossings that have occurred during Biden's presidency but we haven't heard..., https://thehill.com/opinion/immigration/589336-dangers-of-human-smuggling-and-bidens-border-policy 
Biden to meet with Senate Democrats in voting rights push | TheHill, 9 hours ago, President Biden will meet with Senate Democrats on Thursday amid a push for his party to change the filibuster and pass voting rights legislation..., https://thehill.com/homenews/senate/589376-biden-to-meet-with-senate-democrats-in-voting-rights-push 
Biden-Hogan 2024?, 9 hours ago, This appears to be a week for wildly implausible political punditry. First Douglas Schoen and Andrew Stein proposed in The Wall Street Journal that Hillary..., https://theweek.com/politics/1008895/biden-hogan-2024 
DOE Launches New Initiative From President Biden's Bipartisan Infrastructure Law To Modernize National Grid, 9 hours ago, The U.S. Department of Energy (DOE) today launched the “Building a Better Grid” Initiative to catalyze the nationwide development of new and upgraded..., https://www.energy.gov/articles/doe-launches-new-initiative-president-bidens-bipartisan-infrastructure-law-modernize 
Biden is waging a war with the wrong constituents: Virginia mom, 10 hours ago, Virginia parent Asra Nomani discusses new emails showing the White House prematurely got involved with National School Board Association's attempt to..., https://www.youtube.com/watch%3Fv%3Dhk0oyc2VdMg 
Biden's performance criticized questions raised over decision to prioritize race for COVID drugs, 10 hours ago, Americans spoke to Fox News about President Biden's performance and whether race should prioritize COVID-19 drugs., https://www.foxnews.com/politics/biden-performance-criticized-prioritize-race-covid-drugs 
NYT columnist floats Biden-Cheney ticket in 2024 | TheHill, 10 hours ago, A New York Times columnist is suggesting President Biden team up with Republican Rep. Liz Cheney (Wyo.) for a bipartisan presidential ticket in 2024., https://thehill.com/homenews/media/589363-nyt-columnist-floats-biden-cheney-ticket-in-2024 
Former surgeon general rips Biden's COVID response: ‘Not what we were promised’, 10 hours ago, Dr. Jerome Adams says Biden has left it up to businesses to "take control" of the COVID-19 pandemic., https://www.foxbusiness.com/politics/former-surgeon-general-rips-bidens-covid-response 
Why Georgia Civil Rights Groups Boycotted Biden's Speech, 10 hours ago, Joe Biden made history by calling for changes to the filibuster to pass voting rights legislation. Activists and civil rights groups aren't having it., https://theintercept.com/2022/01/12/georgia-voting-rights-biden-speech-boycott/ 
Biden ENDORSES Filibuster Reform To Pass Voting Rights Stacey Abrams SKIPS Biden's Speech In GA, 10 hours ago, Briahna Joy Gray makes her predictions about whether President Biden's push voting rights reform will fail.About Rising: Rising is a weekday morning show..., https://www.youtube.com/watch%3Fv%3D6Neq8yFDGJM 
Biden administration announces major new initiatives to clean up the power grid, 10 hours ago, The Biden administration has new plans to open up public lands and waters and lay new power lines to promote renewable energy., https://www.theverge.com/2022/1/12/22879269/biden-climate-public-lands-water-renewable-energy-offshore-wind-solar-grid 
Joe Biden's George Wallace Links Resurface After Georgia Speech, 10 hours ago, A number of GOP figures have criticized President Joe Biden for mentioning former Alabama Democratic Governor George Wallace in a derogatory manner despite..., https://www.newsweek.com/joe-biden-george-wallace-georgia-speech-gop-1668512 
Canceling student debt will help Biden polls approval rating: Elizabeth Warren, 10 hours ago, Pausing student-loan payments isn't enough — Biden needs to wipe out student debt broadly to win over young voters Sen. Warren told The Atlantic., https://www.businessinsider.com/canceling-student-loan-debt-will-help-biden-election-elizabeth-warren-2022-1 
Biden latest Dem to back ending filibuster after years of support, 10 hours ago, President Biden is merely the latest prominent Democrat to support changing Senate rules and eliminating the filibuster -- despite backing the procedure..., https://nypost.com/2022/01/12/biden-backs-ending-the-filibuster-after-years-of-support/ 
Asra Nomani: New emails show 'completely diabolical' effort from Biden admin to go after parents, 10 hours ago, After new emails showed the White House prematurely got involved with the National School Board Association's attempt to investigate parents..., https://www.foxnews.com/media/asra-nomani-diabolical-biden-admin-parents-terrorists 
Biden administration announces record-breaking offshore wind lease sale off New York New Jersey coasts, 10 hours ago, The Biden administration on Wednesday announced a record-breaking offshore wind lease sale off of the coasts of New York and New Jersey., https://www.foxbusiness.com/politics/biden-administration-new-york-new-jersey-offshore-wind-lease-sale 
Sen. Schumer: Mitt Romney Knows Donald Trump And Joe Biden Aren't The Same, 11 hours ago, Sen. Schumer reacts to Tuesday floor remarks from Sen. Mitt Romney in regards to President Biden's speech on voting rights and Biden's remarks about GOP..., https://www.youtube.com/watch%3Fv%3D0Ij7FmqkA3I 
Cathartic speeches won't protect voting rights or elections. Biden needs a miracle., 11 hours ago, Republicans can win when people vote but Trump calls 'the Left's Voting Bill' a scam. Like COVID and masking voting is now a tribal litmus test., https://www.usatoday.com/story/opinion/2022/01/12/president-biden-fair-elections-trump-senate-votes/9149886002/ 
Georgia Gov. Kemp hits back at Biden Harris' criticism of state's election law: 'They keep telling lies', 11 hours ago, Georgia Governor Brian Kemp pushed back after President Biden and Vice President Harris criticized the state's new voting law. Kemp said the president is..., https://www.foxnews.com/media/georgia-voting-law-biden-harris-brian-kemp-lies-elections 
Georgia takes center stage as Biden's visit kicks off year of political battles, 11 hours ago, (CNN) Georgia has become the center of the political landscape -- and it's likely to stay there for the remainder of 2022. President Joe Biden traveled..., https://www.cnn.com/2022/01/11/politics/georgia-political-center-stage-2022/index.html 
Biden calls on Senate to change filibuster rules to pass voting rights bills in forceful speech: 'I'm tired of being quiet', 11 hours ago, President Joe Biden painted a dire picture for the nation's future elections during a major speech on voting rights while in Atlanta on Tuesday..., https://www.cnn.com/2022/01/11/politics/biden-atlanta-voting-rights-speech/index.html 
Democrats compromised on Biden child tax credit then Manchin blew it up, 11 hours ago, Senate Democrats thought Manchin had ultimately dropped his demands for a work requirement on the Biden child tax credit. But he's said he hasn't budged at..., https://www.businessinsider.com/democrats-compromise-biden-child-tax-credit-manchin-bbb-2022-1 
Can Biden's sinking popularity open the door for Hillary Clinton 2.0 in 2024?, 11 hours ago, FOX Business' Maria Bartiromo Dagen McDowell and ERShares Joel Shulman react to a Wall Street Journal op-ed on a potential Hillary Clinton 2024 election..., https://www.youtube.com/watch%3Fv%3DCcqwRjZjAYQ 
‘Democracy on the line’: Biden under pressure to act on voting rights now, 11 hours ago, As Joe Biden and Kamala Harris readied to speak at the Atlanta University Center Consortium in Georgia on Tuesday nearly a dozen protesters gathered..., https://www.theguardian.com/us-news/2022/jan/11/joe-biden-kamala-harris-pressure-act-on-voting-rights-georgia 
Kathleen Buhle Hunter Biden's Ex to Address Their Divorce in Book: 'I Lost My Sense of Who I Was', 12 hours ago, President Joe Biden's former daughter-in-law will share more about the end of her marriage — and the impact addiction can have on a relationship — in her..., https://people.com/politics/kathleen-buhle-hunter-bidens-ex-wife-breaks-her-silence-in-memoir/ 
Biden administration to ramp up testing supply to schools in push to keep them open, 12 hours ago, The Biden administration on Wednesday announced it is increasing COVID-19 testing by distributing 5 million free rapid tests to K-12 schools each month in..., https://www.foxnews.com/politics/biden-administration-school-testing-supply-stay-open 
Biden announces support for ending the Senate filibuster to pass voting rights bills, 12 hours ago, In a fiery speech in Atlanta on Tuesday President Biden announced his support for ending the filibuster to pass bills expanding voting rights., https://www.youtube.com/watch%3Fv%3DWBm_5jJifqA 
Biden administration sending 10 million more COVID tests to schools to keep them open, 12 hours ago, The Biden administration is increasing federal support for COVID-19 testing for schools in a bid to keep them open amid the omicron surge., https://abc7.com/covid-schools-test-biden/11458272/ 
Sen. Schumer: Mitt Romney knows Donald Trump and Joe Biden aren't the same, 12 hours ago, Sen. Schumer reacts to Tuesday floor remarks from Sen. Mitt Romney in regards to President Biden's speech on voting rights and Biden's remarks about GOP..., https://www.msnbc.com/morning-joe/watch/sen-schumer-mitt-romney-knows-donald-trump-and-joe-biden-aren-t-the-same-130681413744 
Tennessee senators say Biden judicial nominee 'believes himself to be above the law', 12 hours ago, Republican senators from Tennessee said President Biden's nominee to serve as the U.S. Circuit Judge for the Sixth Circuit Court of Appeals "believes..., https://www.foxnews.com/politics/tennessee-senators-biden-judicial-nominee-above-law 
It's time for Biden to keep his promises on Israel and the UN | TheHill, 12 hours ago, The Biden administration should use its seat on the UNHRC to defend the legality of Israeli operations., https://thehill.com/opinion/international/589229-its-time-for-biden-to-keep-his-promises-on-israel-and-the-un 
Did Biden Overshoot The Mark In Voting Rights Speech?, 12 hours ago, President Joe Biden on Tuesday called for an end to the filibuster to allow for passage of federal voting rights bills. The Morning Joe panel discusses the..., https://www.youtube.com/watch%3Fv%3DhBRUO0Z_qPY 
Civil rights leaders call for Biden to put 'full weight' behind voting rights, 12 hours ago, Civil rights leaders were pleased with President Joe Biden's call on Tuesday to change Senate filibuster rules to pass voting rights legislation..., https://www.cnn.com/2022/01/11/politics/voting-rights-civil-rights-leaders-biden/index.html 
Dagen McDowell shreds Biden: 'These are all just fables that he spouts', 12 hours ago, FOX Business' Maria Bartiromo Dagen McDowell and Real Clear Politics co-founder and President Tom Bevan discuss Biden's voting rights speech and the..., https://www.youtube.com/watch%3Fv%3DShZJ2i6PzKk 
Republicans warn Biden and Democrats against changing Senate rules to pass voting rights bills, 13 hours ago, President Biden endorsed changes to the filibuster so that Democrats would be able to pass voting rights legislation., https://www.cbsnews.com/news/filibuster-senate-rules-biden-voting-rights-republicans/ 
Biden-Cheney? Twitter melts down over NYT columnist's proposed 2024 ticket, 13 hours ago, Twitter was lit on fire Tuesday evening after New York Times columnist Thomas Friedman proposed a new VP for President Biden ahead of the 2024 election., https://www.foxnews.com/media/biden-cheney-2024-new-york-times-tom-friedman 
Biden makes push for voting bills and says there is "no option" but to kill the filibuster, 13 hours ago, Washington — President Biden on Tuesday announced his support for getting rid of the filibuster in the Senate to pass legislation that will overhaul the..., https://www.cbsnews.com/news/biden-voting-rights-speech-filibuster-atlanta/ 
Biden to send millions of COVID-19 tests to schools to promote reopening, 13 hours ago, The Biden administration is increasing federal support for COVID-19 testing for schools in a bid to keep them open amid the omicron surge., https://www.foxnews.com/us/biden-send-millions-covid-19-tests-schools-reopening 
Biden Vaccine Mandate Is Dishonest and Unlawful, 14 hours ago, States not the federal government have the power to enforce public health protections like Covid shots. That's why the administration invokes the pretext..., https://www.bloomberg.com/opinion/articles/2022-01-12/biden-vaccine-mandate-is-dishonest-and-unlawful 
The 7 things you need to know for Wednesday Jan. 12, 14 hours ago, What that means: The coronavirus variant is spreading fast but vaccinated people should “do reasonably well” and avoid hospitalization and death..., https://www.washingtonpost.com/the-seven/2022/01/12/what-to-know-for-january-12/ 
This will exemplify Biden and Dems overpromising underdelivering: Cornyn, 14 hours ago, Sen. John Cornyn reveals Democratic stances on voter ID and ballot harvesting amid Biden's filibuster speech on 'Your World., https://www.youtube.com/watch%3Fv%3DW9eTZmhfGVw 
The Two Paths on Voting Rights: Ambition or Compromise, 14 hours ago, After President Biden's speech on voting rights we explain the two camps in the debate about how to protect them., https://www.nytimes.com/2022/01/12/briefing/voting-rights-joe-biden.html 
Biden bungles at-home COVID tests — again, 15 hours ago, In a series of tweets this week the Biden administration announced its latest plans to increase access to at-home over-the-counter tests for COVID-19., https://theweek.com/coronavirus/1008863/biden-bungles-at-home-covid-tests-again 
Biden seeks to avoid referendum with sharp attacks on GOP | TheHill, 15 hours ago, President Biden is debuting sharper attacks against Republicans seeking to make the upcoming midterm elections into more of a choice between his party and..., https://thehill.com/homenews/senate/589291-biden-seeks-to-avoid-referendum-with-sharp-attacks-on-gop 
Pressures aligning on Biden Democrats to forgive student loans | TheHill, 15 hours ago, Advocates and lawmakers are stepping up the pressure on President Biden to act on student loan forgiveness focusing on it as a major issue some warn..., https://thehill.com/homenews/administration/589285-pressures-aligning-on-biden-democrats-to-forgive-student-loans 
Biden administration will provide K-12 schools with additional 10 million Covid-19 tests per month, 15 hours ago, The Biden administration on Wednesday announced new initiatives to provide an additional 10 million Covid-19 tests per month to schools and students in an..., https://www.cnn.com/2022/01/12/politics/school-testing-covid-19-biden-administration/index.html 
Joe Biden Delivers the Speech and the Fire on Voting Rights He Should Have Brought Last July, 15 hours ago, The president sought to shame anyone including Democrats who won't change Senate rules to pass voting rights protection. But they might be shameless., https://www.thenation.com/article/politics/biden-atlanta-voting-rights/ 
The “Credibility” Factor and Biden’s Foreign Crises, 16 hours ago, Barely six months after the chaotic US withdrawal from Afghanistan President Joe Biden now confronts three crises—in Ukraine Taiwan and Iran—that could..., https://www.thenation.com/article/world/biden-iran-ukraine-taiwan/ 
Biden administration to send additional 5M free rapid tests to schools monthly: COVID-19 updates, 16 hours ago, As some schools struggle to return to in-person learning amid record COVID-19 infections the White House announced Wednesday it would send 5 million rapid..., https://money.yahoo.com/amphtml/biden-administration-send-additional-5m-100350192.html 
Biden to send 10 million covid tests to schools monthly, 16 hours ago, A new program would provide antigen tests to screen for asymptomatic cases and implement test-to-stay regimens plus more PCR tests., https://www.washingtonpost.com/education/2022/01/12/biden-covid-tests-schools-antigen/ 
Opinion | For the Climate Biden Must Be More Aggressive in Ending New Truck and Bus Emissions, 16 hours ago, At a gathering on the White House lawn last August President Biden spoke of a future in which electric cars and trucks will be the only vehicles on the..., https://www.nytimes.com/2022/01/12/opinion/climate-change-biden-trucks-buses.html 
Chris Christie calls out Biden on latest leadership miss, 16 hours ago, Former New Jersey governor rips the administration's 'incompetence' over their handling of COVID on 'The Story.' #FoxNews #TheStorySubscribe to Fox News!, https://www.youtube.com/watch%3Fv%3DTszlchUJd_U 
Will Joe Biden Cancel Student-Loan Debt?, 16 hours ago, As Senator Elizabeth Warren sees it President Joe Biden can solve a lot of problems—for millions of Americans financially and for himself politically—with..., https://www.theatlantic.com/politics/archive/2022/01/biden-student-loan-debt-cancellation/621224/ 
Ted Cruz believes Biden should answer for FBI's supposed role in Trump-era Capitol riot, 16 hours ago, Though Trump was in office at the time Cruz said Biden should “fess up” while pushing the conspiracy that the FBI took part in the January 6 insurrection., https://news.yahoo.com/ted-cruz-biden-answer-fb-is-supposed-role-trump-era-capitol-riot-091933539.html 
How Biden heaped shame on the Senate in thundering speech, 18 hours ago, In a speech on voting rights President Joe Biden turned to shame thundering at US senators that they'll be siding with the Confederate President Jefferson..., https://www.cnn.com/2022/01/11/politics/biden-senate-voting-rights-filibuster-what-matters/index.html 
Biden pushes overhaul of US election laws in fiery speech, 19 hours ago, US President Joe Biden has called for a historic change to Senate rules as he seeks to overhaul the country's election laws. In an impassioned speech..., https://www.bbc.co.uk/news/world-us-canada-59956068 
Tucker Carlson: Biden's speeches reveal what he thinks of Americans, 19 hours ago, Tucker Carlson said Biden's public speeches reveal that he is disappointed in the country and annoyed with those who live here on 'Tucker Carlson Tonight.', https://www.foxnews.com/opinion/tucker-carlson-biden-georgia-voting-rights 
Biden slams Jefferson Davis -- despite past vote to restore Confederate leader's US citizenship, 19 hours ago, Decades before President Biden asked senators on Tuesday if they were "on the side of Abraham Lincoln or Jefferson Davis?" he voted to restore the U.S...., https://www.foxnews.com/politics/biden-jefferson-davis-confederate-leader-us-citizenship-atlanta-speech 
'The Five' react to Biden getting excoriated on shortages, 20 hours ago, 'The Five' panel discuss the latest bottlenecks in the supply chain including omicron surge causing labor shortages and the #BareShelvesBiden trend., https://www.youtube.com/watch%3Fv%3D-9H5F5IYnY0 
Biden pays silent tribute as Reid lies in state at Capitol, 20 hours ago, The late Sen. Harry Reid was remembered Wednesday at the U.S. Capitol as a “legendary leader” a hardscrabble Democrat who rose from poverty in a dusty..., https://www.yahoo.com/lifestyle/former-senate-leader-harry-reid-051320023.html 
Biden puts it all on the line in voting rights battle, 21 hours ago, It took a year for Joe Biden to make an irrevocable bet that puts the credibility of his presidency on the line. If his bid now to change Senate rules to..., https://www.cnn.com/2022/01/12/politics/biden-voting-rights-legislative-legacy/index.html 
Lawrence: Biden's Putting The Pressure Of History On Manchin And Sinema, 21 hours ago, MSNBC's Lawrence O'Donnell and Rachel Maddow discuss Pres. Biden's speech on voting rights in Georgia and a breaking report from POLITICO that Democratic..., https://www.youtube.com/watch%3Fv%3Dliefh-Lh_YU 
Brit Hume: How did Biden get himself in this predicament?, 21 hours ago, Fox News' senior political analyst explains how Biden is affecting the Democrats' popularity and says former President Obama never took the then-vice..., https://www.youtube.com/watch%3Fv%3DjRzmNxvAysk 
Biden spending bill ignites debate over dairy methane pollution, 21 hours ago, As U.S. President Joe Biden's administration seeks to revive its ambitious social spending and climate plan in Congress environmental groups and the farm..., https://www.reuters.com/markets/commodities/biden-spending-bill-ignites-debate-over-dairy-methane-pollution-2022-01-11/ 
Romney claims Biden going down 'same road' as Trump with filibuster demand, 21 hours ago, Sen. Mitt Romney (R-UT) on Tuesday claimed President Biden is going down "the same tragic road" as former President Donald Trump with his call to eliminate..., https://nypost.com/2022/01/11/romney-claims-biden-is-like-trump-with-filibuster-demand/ 
Lawrence: Biden's putting the pressure of history on Manchin and Sinema, 22 hours ago, MSNBC's Lawrence O'Donnell and Rachel Maddow discuss Pres. Biden's speech on voting rights in Georgia and a breaking report from POLITICO that Democratic..., https://www.msnbc.com/the-last-word/watch/lawrence-biden-s-putting-the-pressure-of-history-on-manchin-and-sinema-130652741969 
Biden confronts a skeptical base as he pushes voting rights in Georgia, 22 hours ago, ATLANTA — LaTosha Brown is one of the many Southern organizers who turned Georgia blue in 2020 for the first time in nearly 30 years., https://www.politico.com/news/2022/01/11/georgias-voting-rights-advocates-joe-biden-526962 
Records of former labor leader and close Biden ally subpoenaed, 22 hours ago, Federal authorities are ramping up their investigation into Harold Schaitberger the embattled former International Association of Fire Fighters general..., https://www.politico.com/news/2022/01/11/records-former-labor-leader-subpoenaed-526961 
'It looks bleak honestly': Gloria Borger on Biden's push to pass voting rights bills, 22 hours ago, CNN chief political analyst Gloria Borger and former NAACP president and CEO Ben Jealous weigh in on President Biden's trip to Atlanta as part of his push..., https://www.cnn.com/videos/politics/2022/01/12/biden-senate-filibuster-rules-voting-rights-borger-ebof-sot-vpx.cnn 
Joy Reid: What Leverage Does Biden Have To Get Voting Rights Bills Passed Now?, 22 hours ago, Voting rights legislation passing in the Senate was promoted Tuesday by President Biden and Vice President Harris as many activists and others demanded a..., https://www.youtube.com/watch%3Fv%3DXz3JzIK612Y 
Not interested in reporters' questions: Biden's pathetic media record revealed, 22 hours ago, Joe Biden has delivered fewer interviews and media conferences in his first year than the last five presidents at the same point in their terms., https://www.youtube.com/watch%3Fv%3DqwyU08BCk_E 
Hannity blasts Biden over partisan 'voting rights' speech calls on him to address Delaware inequities, 22 hours ago, Sean Hannity criticized President Joe Biden for his speech in Atlanta on Tuesday where he compared his Republican critics to Democratic segregationists., https://www.foxnews.com/media/hannity-biden-partisan-voting-rights 
Biden calls for changing the filibuster in major voting rights speech, 22 hours ago, ATLANTA — President Biden threw his full support Tuesday behind changing the Senate filibuster to ease passage of voting rights bills using a major speech..., https://www.washingtonpost.com/politics/biden-voting-rights-filibuster/2022/01/11/ada7ce66-72dd-11ec-b202-b9b92330d4fa_story.html 
Stacey Abrams thanks Biden Harris for Georgia speeches she skipped, 23 hours ago, Democratic Georgia gubernatorial candidate Stacey Abrams issued a statement Tuesday praising President Biden and Vice President Harris for their speech in..., https://www.foxnews.com/politics/stacey-abrams-thanks-biden-harris-for-speech-she-missed 
Reactions to Biden speech on U.S. voting rights, 23 hours ago, Lawmakers and activists reacted on Tuesday to calls by President Joe Biden and Vice President Kamala Harris for passage of U.S. voting rights reforms..., https://www.reuters.com/world/us/reactions-biden-speech-us-voting-rights-2022-01-11/ 
Gov. Brian Kemp says Biden and Harris making Georgia 'ground zero' for an 'assault on election integrity', 23 hours ago, Georgia Gov. Brian Kemp took aim at President Biden for his Tuesday speech on voting rights saying the president's plan to push election reforms was an..., https://www.foxnews.com/politics/brian-kemp-says-biden-is-out-of-touch-with-reality-in-reaction-to-voting-rights-speech 
Biden and Harris go to Georgia to advocate for federal voter protection laws, 23 hours ago, President Biden and other prominent Democrats were in Georgia on Tuesday to promote federal voter protection laws. The president said he is willing to end..., https://www.youtube.com/watch%3Fv%3DDZckl_vW0FQ 
Biden links Republicans with segregationist George Wallace whom the president himself has praised, 23 hours ago, President Joe Biden attacked Republicans Tuesday by attempting to link them to segregationist George Wallace but received pushback online from many who..., https://www.foxnews.com/politics/biden-himself-has-stood-with-george-wallace-in-the-past 
Decoding what Biden health officials told Congress about Omicron, 1 day ago, Senators on Tuesday demanded clear answers from the Biden administration health officials on the state of the resurging pandemic and the government's short-..., https://www.politico.com/news/2022/01/11/covid-health-officials-congress-omicron-526950 
Joe Biden Lying about Elections, 1 day ago, The president has decided to preemptively undermine confidence in the 2022 and 2024 elections smearing half the country as racists while cosplaying as a..., https://www.nationalreview.com/2022/01/bidens-big-elections-lie/ 
Biden speech backing voting rights bill is what activists needed. Why are they boycotting?, 1 day ago, Biden speech on voting rights bill in Atlanta calling out Bull Connor and George Wallace is what activists needed. Why are they boycotting?, https://www.nbcnews.com/think/opinion/biden-speech-backing-voting-rights-bill-what-activists-needed-why-ncna1287337 
‘I’m tired of being quiet’: Biden and Harris make forceful push for voting rights, 1 day ago, President Joe Biden and Vice President Kamala Harris on Tuesday delivered back-to-back speeches in the nation's epicenter of the civil rights movement..., https://www.politico.com/news/2022/01/11/biden-harris-voting-rights-speech-526903 
ABC News Prime: Omicron dominating US COVID-19 cases; Pres. Biden speaks in GA on voting rights, 1 day ago, ABCNews SUBSCRIBE to ABC NEWS: https://bit.ly/2vZb6yPWatch More on http://abcnews.go.com/LIKE ABC News on FACEBOOKhttps://www.facebook.com/abcnewsFOLLOW ABC..., https://www.youtube.com/watch%3Fv%3Dtf2TR9qKm9M 
The Biden agenda is meeting a dead end, 1 day ago, Voting reform looks as unlikely this year as Build Back Better: Although President Biden is now championing voting protection as the most pressing domestic..., https://www.axios.com/biden-agenda-dead-end-763109db-1210-4a2e-9d22-caee5a63aa62.html 
Biden education secretary solicited NSBA domestic terrorists letter, 1 day ago, Education Secretary Miguel Cardona solicited the National School Boards Association letter comparing parents to domestic terrorists according to an email..., https://www.youtube.com/watch%3Fv%3D7VbhBJxNqpQ 
Viral Moment: Biden Again Calls His VP 'President Harris', 1 day ago, During his speech today in Georgia President Biden again referred to Vice President Kamala Harris as "President Harris."Stay ConnectedForbes on Facebook:..., https://www.youtube.com/watch%3Fv%3DBz2P9PpKyWI 
'He's a punchline': 'laughable' pick for Greece envoy puts pressure on Biden, 1 day ago, George Tsunis who gave hapless display when nominated as Norway ambassador under Obama to go before Senate committee., https://www.theguardian.com/us-news/2022/jan/11/joe-biden-george-tsunis-greece-ambassador 
Black activists say the time for pretty speeches is over. They need an action plan from Biden on voting rights., 1 day ago, When President Biden and Vice President Harris delivered speeches billed as major voting rights addresses Tuesday in Atlanta most of Georgia's top voting..., https://www.washingtonpost.com/national/black-activists-say-the-time-for-pretty-speeches-is-over-they-need-an-action-plan-from-biden-on-voting-rights/2022/01/11/1fdbf730-7330-11ec-8ec6-9d61f7afbe17_story.html 
Abrams thanks Biden for Georgia speech backs call for Senate rules change | TheHill, 1 day ago, Georgia gubernatorial candidate Stacey Abrams (D) thanked President Biden for a speech on voting rights that he gave in Georgia Tuesday amid speculation..., https://thehill.com/homenews/state-watch/589308-abrams-thanks-biden-for-georgia-speech-backs-his-call-for-rules-change 
Biden Administration Approves 5 More Guantánamo Releases, 1 day ago, Nearly half of the last 39 detainees have now been approved for transfer and the challenge for U.S. officials is to find countries to receive them., https://www.nytimes.com/2022/01/11/us/politics/guantanamo-releases-approved.html 
Biden health officials grilled over state of pandemic, 1 day ago, A top Biden administration health official delivered a stark assessment on the state of the pandemic Tuesday: “Most people are going to get covid.”., https://www.washingtonpost.com/politics/biden-health-officials-grilled-senate-help/2022/01/11/a7794d2a-731a-11ec-bc13-18891499c514_story.html 
U.S. Officials Defend Omicron Response at Senate Hearing, 1 day ago, Lawmakers accused top Biden administration health officials of neglecting virus testing and mangling key messaging around the pandemic., https://www.nytimes.com/2022/01/11/health/fauci-senate-hearing-omicron-response.html 
Biden calls Capitol riot ‘coup’ in Ga. speech claims he was arrested in civil rights protest, 1 day ago, President Biden on Tuesday branded the Capitol riot a "coup" attempt and called on the Senate to scrap its usual 60-vote threshold to pass a pair of..., https://nypost.com/2022/01/11/biden-calls-capitol-riot-coup-in-gaffe-filled-ga-speech-promoting-filibuster-reform/ 
Biden comes to Georgia to take aim at voting laws urges Senate to act on voting rights, 1 day ago, ATLANTA — President Joe Biden took aim at Georgia's election integrity laws and other laws like it passed by Republican legislatures around the country as..., https://www.wsbtv.com/news/local/atlanta/biden-voting-rights-passage-im-tired-being-quiet/UYQELY4C4VDQ7CC7UGDFMC7I4A/ 
To stop Trumpism Biden must pass this test | MSNBC, 1 day ago, In 2022 Joe Biden is confronting a challenge that can define a presidency -- record-breaking inflation. As prices reach their highest point in 40 years..., https://www.msnbc.com/the-beat-with-ari/watch/to-stop-trumpism-biden-must-pass-this-test-msnbc-130643525849 
Biden Calls for Legislative Action on Voting Rights, 1 day ago, President Biden says he won't keep “quiet” any longer about protecting ballot access. But voting rights groups say he should've raised his voice months ago., https://www.nytimes.com/2022/01/11/us/politics/biden-voting-rights-state-laws.html 
Why Mitt Romney says Joe Biden going down the same road as Donald Trump, 1 day ago, President Joe Biden said there is "no option" but to get rid of the Senate filibuster to pass voting rights legislation. Utah Republican Sens., https://www.deseret.com/utah/2022/1/11/22878951/president-joe-biden-wants-remove-senate-filibuster-mitt-romney-mike-lee-oppose-voting-rights 
Guantanamo: Biden administration clears five more detainees for transfer from military prison, 1 day ago, The U.S. government has approved for transfer another five detainees held at the military prison in Guantánamo Bay in Cuba including a “high-value”..., https://www.washingtonpost.com/national-security/2022/01/11/guantanamo-biden-transfers-approved/ 
Biden Defense of Filibuster Withers Under Partisan Rancor, 1 day ago, WASHINGTON — President Biden's decision to call for changing the Senate's rules to pass voting rights protections was a long time coming., https://www.nytimes.com/2022/01/11/us/politics/biden-filibuster-senate-history.html 
Joe Biden's disgraceful lies on the filibuster and Dems' power grab over US voting laws, 1 day ago, In a disgraceful performance Tuesday President Joe Biden went down to Georgia on Tuesday to offer a disgraceful pack of lies about the filibuster and..., https://nypost.com/2022/01/11/bidens-disgraceful-lies-on-filibuster-dems-power-grab-over-us-voting-laws/ 
Biden's hypocritical demagogic speech compares Manchin Sinema to Jefferson Davis, 1 day ago, So apparently if you don't support two voting bills President Joe Biden wants to pass — and if you don't support ending the Senate filibuster on bills..., https://nypost.com/2022/01/11/joe-biden-compares-joe-manchin-kyrsten-sinema-to-jefferson-davis/ 
Are You With Joe Biden or Jefferson Davis?, 1 day ago, Every official in America President Biden said Tuesday has a choice: “Do you want to be on the side of Dr. [ Martin Luther ] King or George Wallace ?, https://www.wsj.com/articles/are-you-with-joe-biden-or-jefferson-davis-georgia-voting-rights-filibuster-11641943418 
Opinion | Biden-Cheney 2024?, 1 day ago, As I've noted before one reason I pay very close attention to the Israeli-Palestinian arena is that a lot of trends get perfected there first and then go..., https://www.nytimes.com/2022/01/11/opinion/democratic-ticket-liz-cheney-2024.html 
Biden Says Senate Should Change Filibuster to Pass Voting Rights Bill, 1 day ago, President Joe Biden called on the U.S. Senate to change its rules to allow a simple majority to pass voting rights legislation saying in Atlanta that..., https://www.bloomberg.com/news/articles/2022-01-11/biden-calls-on-senate-to-change-rules-to-pass-voting-rights-bill 
Biden Says Senate Should Change Filibuster to Pass Voting Rights Bill, 1 day ago, President Joe Biden called on the U.S. Senate to change its rules to allow a simple majority to pass voting rights legislation saying in Atlanta that..., https://www.bloomberg.com/news/articles/2022-01-11/biden-calls-on-senate-to-change-rules-to-pass-voting-rights-bill 
Biden's tough talk hints at re-election effort, 1 day ago, Biden previews a re-election campaign in tough Jan. 6 and voting rights speeches., https://www.nbcnews.com/politics/joe-biden/biden-s-tough-talk-hints-re-election-effort-n1287329 
Biden focuses on voting rights filibuster in major speech in Atlanta, 1 day ago, President Biden on Tuesday delivered a fiery speech on what he called "the battle for the soul of America" urging an outright rejection of GOP-led efforts..., https://www.npr.org/2022/01/11/1071829164/biden-speech-voting-rights-filibuster-senate 
Top Republicans stand up for Rounds after Trump's attack: He 'told the truth', 1 day ago, Senior Republicans are closing ranks behind Sen. Mike Rounds after he endured a scathing attack from former President Donald Trump for acknowledging the..., https://www.cnn.com/2022/01/11/politics/mike-rounds-republican-defense/index.html 
The Biden sit-down that split PBS, 1 day ago, Welcome to POLITICO's West Wing Playbook your guide to the people and power centers in the Biden administration. With Allie Bice., https://www.politico.com/newsletters/west-wing-playbook/2022/01/11/the-biden-sit-down-that-split-pbs-495684 
Biden urges the Senate to bypass filibuster to pass voting rights bills at a 'turning point in this nation', 1 day ago, Biden spoke in Georgia as the Senate prepares to take up voting rights bills which Republicans are poised to block., https://www.cnbc.com/2022/01/11/joe-biden-urges-senate-to-bypass-filibuster-to-pass-voting-rights-bills.html 
Biden says he supports changing filibuster rule to pass voting rights bills, 1 day ago, President Joe Biden traveled to Georgia on Tuesday to make a push for voting rights legislation as bills remain stalled in the Senate., https://abcnews.go.com/Politics/biden-supports-changing-filibuster-rule-pass-voting-rights/story%3Fid%3D82187118 
Biden says those who oppose Democrat voting rights bill are on the side of Jefferson Davis, 1 day ago, President Biden said lawmakers who oppose the Democratic-led effort to overhaul how the country conducts elections are choosing to be on the side of..., https://www.foxnews.com/politics/biden-says-those-who-oppose-dem-voting-rights-bill-are-on-the-side-of-confederate-president-jefferson-davis 
Opinion | Biden's speech on voting rights was full of soaring rhetoric. It may not matter., 1 day ago, President Biden traveled to Georgia on Tuesday to call on the Senate to do whatever is necessary including changing the Senate's filibuster rule..., https://www.washingtonpost.com/opinions/2022/01/11/bidens-speech-voting-rights-was-full-soaring-rhetoric-it-may-not-matter/ 
Kudlow: Biden's presidency has unraveled in just under a year, 1 day ago, "Kudlow" examines how the Biden administration's proposed spending and 'failed' policies will impact inflation., https://www.foxbusiness.com/kudlow/kudlow-in-just-under-a-year-bidens-presidency-has-unraveled 
In allocating everything from pandemic relief to scarce COVID treatments Team Biden is racist, 1 day ago, Last January newly elected President Joe Biden pledged to fight racism and unify the nation. Instead he's imposed a harsh agenda of reverse racism in..., https://nypost.com/2022/01/11/in-allocating-everything-from-pandemic-relief-to-scarce-covid-treatments-team-biden-is-racist/ 
Biden Made His Most Forceful Rebuke Of Republicans Yet Over Voting Rights But There’s Still No Progress On Reforms, 1 day ago, Joe Biden's speech in Georgia was “stirring” but the two major voting rights bills are still far from becoming law., https://www.buzzfeednews.com/article/nidhiprakash/biden-voting-rights-speech-georgia-filibuster 
Biden calls for end to filibuster to pass voting rights legislation, 1 day ago, President Joe Biden on Tuesday in Atlanta urged Congress to end the filibuster and pass voting rights legislation., https://www.nbcnews.com/politics/white-house/biden-under-pressure-chart-voting-rights-path-atlanta-speech-n1287255 
Biden calls Jan. 6 riot an attempted 'coup' | TheHill, 1 day ago, President Biden on Tuesday described the Jan. 6 2021 attack on the U.S. Capitol by a mob of Trump supporters as an attempted “coup.”, https://thehill.com/homenews/administration/589280-biden-calls-jan-6-riot-an-attempted-coup 
Analysis | Biden leans into filibuster changes more than ever. But now what?, 1 day ago, As Biden makes a wholesale pitch for filibuster changes to pass voting rights that's neither sufficient nor apparently good enough for some allies., https://www.washingtonpost.com/politics/2022/01/11/biden-leans-into-filibuster-changes-more-than-ever-now-what/ 
More than 47000 migrants released into US by Biden admin in 2021 failed to report to ICE, 1 day ago, Almost 50000 illegal immigrants who were told to report to an Immigration and Customs Enforcement (ICE) office between March and August have disappeared..., https://www.foxnews.com/politics/biden-admin-migrants-released-into-us-2021-failed-report-ice 
Highlights From Biden's Voting Rights Speech, 1 day ago, President Biden and Vice President Kamala Harris are pressuring Congress to pass federal voting laws that Republicans have repeatedly blocked., https://www.nytimes.com/live/2022/01/11/us/biden-harris-voting-rights 
Biden challenges Senate on voting: 'Tired of being quiet!', 1 day ago, ATLANTA (AP) — Pounding his hand for emphasis President Joe Biden challenged senators Tuesday to “stand against voter suppression” by changing Senate rules..., https://apnews.com/article/voting-rights-joe-biden-georgia-voting-martin-luther-king-jr-dc4544c23622f35fc95d63afe512554d 
Biden again refers to his VP as 'President Harris', 1 day ago, President Biden called vice president Kamala Harris “President Harris” during a Tuesday speech., https://www.foxnews.com/politics/biden-again-refers-to-vp-harris-as-president-harris-in-atlanta-speech 
Stacey Abrams's shocking snub of Biden Harris signals possible 2024 aspirations | TheHill, 1 day ago, The prospect of an 81-year-old Biden on the campaign trail is a disconcerting one to many Democrats who already know that the House will be firmly in..., https://thehill.com/opinion/white-house/589213-stacey-abramss-shocking-snub-of-biden-harris-signals-possible-2024 
Biden vowed to fix testing. But he didn't plan for Omicron., 1 day ago, As President Joe Biden was spending his holidays with family at the White House and in Delaware he was frustrated to see images on television of Americans..., https://www.cnn.com/2022/01/11/politics/covid-19-testing-joe-biden-administration/index.html 
Inflation at 40-year high pressures consumers Fed and Biden, 1 day ago, WASHINGTON (AP) — Inflation jumped at its fastest pace in nearly 40 years last month a 7% spike from a year earlier that is increasing household expenses..., https://apnews.com/article/consumer-prices-inflation-c1bfd93ed1719cf0135420f4fd0270f9 
Biden calls for changing Senate rules to allow voting bills to pass | TheHill, 1 day ago, President Biden on Tuesday gave his full-throated endorsement for changing Senate rules to allow federal voting rights legislation to pass via a simple..., https://thehill.com/homenews/administration/589275-biden-calls-for-changing-senate-rules-to-allow-voting-bills-to-pass 
Biden calls for change to Senate filibuster to pass voting rights bills but not all Democrats on board, 1 day ago, President Biden called for a change to the filibuster after months of activists pushing him to do so. However some members of his party are hesitant to..., https://news.yahoo.com/biden-calls-for-change-to-senate-filibuster-to-pass-voting-rights-bills-but-not-all-democrats-on-board-215004418.html 
The grim limits of Joe Biden’s speech on voting rights and the filibuster, 1 day ago, On Tuesday President Joe Biden took his most aggressive stance on the filibuster yet stressing his support for a carveout in the Senate's rules to pass..., https://www.vox.com/2022/1/11/22876524/joe-biden-filibuster-voting-rights-speech 
Biden calls for filibuster reform to pass voting rights in Atlanta speech, 1 day ago, President Biden and Vice President Harris visited Atlanta at a critical inflection point in Senate Democrats' long-stalled voting rights push., https://www.businessinsider.com/biden-voting-rights-speech-video-atlanta-senate-filibuster-2022-1 
Two of Sen. Sinema's former aides have recently lobbied for corporate giants looking to influence Biden's agenda, 1 day ago, Two of Sen. Kyrsten Sinema's former aides have acted as key aides for corporate giants looking to affect President Joe Biden's agenda., https://www.cnbc.com/2022/01/11/kyrsten-sinema-former-aides-lobby-for-corporations-looking-to-affect-biden-agenda.html 
Abrams noticeably absent from Biden's voting rights push, 1 day ago, ATLANTA (AP) — There was a prominent Atlanta resident missing on Tuesday when President Joe Biden swung through the city to press for voting rights..., https://apnews.com/article/voting-rights-joe-biden-voting-atlanta-stacey-abrams-7bb6e8cd4ad78267cc56d713ecdbf39d 
A Biden Cabinet member stepped in it trying to defend the CDC director, 1 day ago, It's been a rough few weeks for Dr. Rochelle Walensky the head of the Centers for Disease Control and Prevention on the messaging front., https://www.cnn.com/2022/01/11/politics/rochelle-walensky-cdc-director-covid/index.html 
Inside Biden's secretive weapons shipment to Ukraine, 1 day ago, With help from Betsy Woodruff Swan Paul McLeary Lee Hudson and Daniel Lippman. Send tips | Subscribe here | Email Alex | Email Quint., https://www.politico.com/newsletters/national-security-daily/2022/01/11/inside-bidens-secretive-weapons-shipment-to-ukraine-495686 
President Biden is blaming everyone else for surging inflation | TheHill, 1 day ago, The bottom line is this: Don't expect President Biden his administration or liberals in Congress to take any blame for the nation's mounting economic..., https://thehill.com/blogs/congress-blog/politics/589253-president-biden-is-blaming-everyone-else-for-surging-inflation 
Biden pushing election reform despite COVID inflation border crisis, 1 day ago, The 'Outnumbered' panel discussed how the Biden administration's focus is on voting rights despite the many crises plaguing the White House., https://www.youtube.com/watch%3Fv%3DEfd0McU1eWQ 
Biden health team weighs new mask distribution plan, 1 day ago, Biden administration health officials are weighing whether to offer high quality masks which could include KN95 or N95s to all Americans as the Omicron..., https://www.politico.com/news/2022/01/11/biden-n95-mask-distribution-526889 
First on CNN: Biden administration tells federal agencies how to safeguard against political influence on science, 1 day ago, The Biden administration is calling on government agencies to strengthen their policies against inappropriate political influence when it comes to the..., https://www.cnn.com/2022/01/11/politics/political-influence-on-science-federal-government/index.html 
King family: ‘Difficult decision’ to attend Biden’s voting rights speech, 1 day ago, Martin Luther King III and his wife Arndrea Waters King acknowledged Tuesday that it was a “difficult decision” for them to attend President Joe Biden's..., https://www.politico.com/news/2022/01/11/king-family-biden-voting-rights-speech-526873 
Hillary Clinton’s 2024 Election Comeback, 1 day ago, Joe Biden and Kamala Harris have become unpopular. It may be time for a change candidate., https://www.wsj.com/articles/hillary-clinton-2024-comeback-president-biden-harris-democrat-nominee-race-2022-midterm-loss-11641914951 
Biden says U.S. is on the right track in fight against COVID-19, 1 day ago, President Joe Biden on Tuesday expressed confidence the United States was on the right track in the fight against the COVID-19 pandemic even as the country..., https://www.yahoo.com/now/biden-says-u-track-fight-171522772.html 
On Day Biden Calls Ethiopia’s Leader to Urge Peace a Drone Strike Kills 17, 1 day ago, NAIROBI Kenya — On the same day that President Biden spoke with his Ethiopian counterpart Abiy Ahmed about a possible window for peace in the..., https://www.nytimes.com/2022/01/11/world/africa/ethiopia-biden-abiy-ahmed-tigray.html 
This top Biden aide might blow the '22 midterms | Will Bunch Newsletter, 1 day ago, Foreign-policy whiz Susan Rice is losing the wars on college debt immigration., https://www.inquirer.com/columnists/attytood/susan-rice-biden-student-loan-debt-immigration-20220111.html 
Biden voting rights speech: Conservative group blasts president with mobile billboard in Atlanta, 1 day ago, President Biden's voting reform speech is already making headlines as big names drop from attending including Stacey Abrams., https://www.foxnews.com/politics/billboards-blasting-biden-voting-georgia-speech 
Biden voting rights speech: Conservative group blasts president with mobile billboard in Atlanta, 1 day ago, President Biden's voting reform speech is already making headlines as big names drop from attending including Stacey Abrams., https://www.foxnews.com/politics/billboards-blasting-biden-voting-georgia-speech 
Manchin doubles down on filibuster ahead of Biden's speech | TheHill, 1 day ago, Sen. Joe Manchin (D-W.Va.) doubled down Tuesday on his support for the filibuster as President Biden heads to Georgia to publicly push for changes to the..., https://thehill.com/homenews/senate/589169-manchin-doubles-down-on-filibuster-ahead-of-bidens-speech 
Voting rights: Is this now Joe Biden's biggest headache?, 1 day ago, Both Democrats and Republicans are concerned about the state of US democracy and the nation's electoral systems although the two parties have very..., https://www.bbc.com/news/world-us-canada-59946927 
Georgia voting rights groups boycott Biden's Atlanta speech: 'We don't need even more photo ops. We need action', 1 day ago, A coalition of voting rights groups in Georgia announced Monday that they will not attend events surrounding President Joe Biden's expected visit to Atlanta..., https://www.cnn.com/2022/01/10/politics/georgia-voting-rights-advocates-biden-visit/index.html 
Empty Shelves Disprove Biden’s Supply-Chain Boasts, 1 day ago, Maybe the hashtag #BareShelvesBiden is being promoted by conservatives but that doesn't mean the supply-chain crisis is mythical., https://www.nationalreview.com/the-morning-jolt/empty-shelves-disprove-bidens-supply-chain-boasts/ 
Voting Rights Groups Skipping Biden's Speech in Georgia Over Inaction, 1 day ago, When President Joe Biden and Vice President Kamala Harris deliver major speeches on voting rights Tuesday in Atlanta there will be notable absences in the..., https://news.yahoo.com/voting-rights-groups-skipping-bidens-131334761.html 
What to expect from Biden's voting rights speech in Atlanta, 1 day ago, President Biden plans to renew his push for congressional action to protect voting rights in a speech in Georgia on Tuesday as the Democratic Party's..., https://www.npr.org/2022/01/11/1071940115/biden-harris-atlanta-georgia-voting-visit 
Washington Post editorial board pans Biden's message on inflation, 1 day ago, The Washington Post criticized the Biden administration's insistence on blaming corporations for rising inflation rates., https://www.foxnews.com/media/washington-pans-biden-message-on-inflation 
Biden regulators could rain on Trump's SPAC parade, 1 day ago, Former President Donald Trump is plotting a return to Wall Street with a new media company taking aim at Big Tech., https://www.cnn.com/2022/01/11/investing/trump-spac-stock/index.html 
Joe Biden backs filibuster rule change to push voting rights bill, 1 day ago, US president to throw support behind plan to change rules that allow minority of senators to kill proposed laws., https://www.theguardian.com/us-news/2022/jan/11/joe-biden-to-back-filibuster-rule-change-to-push-voting-rights-bill 
Biden to Endorse Changing Filibuster to Pass Voting Rights Laws, 1 day ago, WASHINGTON — President Biden endorsed changing Senate rules to pass new voting rights legislation during a speech in Atlanta on Tuesday warning of a grave..., https://www.nytimes.com/2022/01/11/us/politics/biden-filibuster-voting-rights.html 
Biden says he supports changing filibuster rule to pass voting rights bills, 1 day ago, President Joe Biden has traveled to Georgia on Tuesday to make his latest push for voting rights legislation as bills remain stalled in the Senate., https://abcnews.go.com/Politics/biden-make-forceful-push-voting-rights-filibuster-georgia/story%3Fid%3D82187118 
Stacey Abrams will miss Biden’s voting rights speech in Georgia, 1 day ago, Republicans seized on a report that Stacey Abrams the influential Georgia Democrat and gubernatorial candidate will miss President Biden's important..., https://www.foxnews.com/politics/stacey-abrams-will-miss-bidens-voting-rights-speech-in-georgia 
Peter Doocy debunks Biden's COVID testing claim, 1 day ago, Fox News White House correspondent Peter Doocy joins 'Hannity' after questioning Jen Psaki on the administration's handling of the omicron surge., https://www.youtube.com/watch%3Fv%3DALsEIT3HFmg 
Supreme Court will likely issue 'split' ruling on Biden vaccine mandate: Dhillon, 1 day ago, Center for American Liberty CEO and civil rights attorney Harmeet Dhillon predicted a "split ruling" out of the Supreme Court in the case that will..., https://www.foxnews.com/media/supreme-court-split-ruling-biden-vaccine-mandate 
Stacey Abrams to skip Biden's voting rights speech in Georgia due to conflict | TheHill, 1 day ago, CORRECTION: This report has been updated with James Woodall's plans to attend President Biden's remarks on Tuesday in Georgia on voting rights., https://thehill.com/homenews/state-watch/589126-stacy-abrams-to-skip-bidens-voting-rights-speech-in-georgia-due-to 
Biden coronavirus vaccine-or-test mandate goes into effect | TheHill, 1 day ago, Key components of the Biden administration's COVID-19 vaccine or test mandate for more than 80 million workers went into effect Monday amid an ongoing..., https://thehill.com/policy/healthcare/589113-biden-coronavirus-vaccine-or-test-mandate-goes-into-effect 
'We have gone backwards': Covid confusion snarls Biden White House, 2 days ago, A half dozen former health policy makers including members of Biden's transition team said the Biden administration needs an urgent strategy reset., https://www.nbcnews.com/politics/white-house/we-have-gone-backwards-covid-confusion-snarls-biden-white-house-n1287282 
At-home COVID tests will be covered by insurance starting Saturday : Coronavirus Updates, 2 days ago, The Biden administration says Americans should be able to order COVID-19 tests online later this month. Those who are eligible can get eight free..., https://www.npr.org/sections/coronavirus-live-updates/2022/01/10/1071899471/insurance-at-home-covid-tests-white-house 
Sorry progressives but Biden isn't doing that bad. Remember Trump?, 2 days ago, Just over a year ago I was watching the news as President Donald Trump in what many legal analysts like myself believe to be a historically unprecedented..., https://www.usatoday.com/story/opinion/voices/2022/01/10/biden-good-president-compared-trump/9149813002/ 
'We need to see outcomes': Voting rights activists demand more action from Biden, 2 days ago, Before Biden's big speech in Atlanta on Tuesday some see a president playing catch-up on a cause they view as make-or-break for American democracy., https://www.nbcnews.com/politics/congress/we-need-see-outcomes-voting-rights-activists-demand-more-action-n1287257 
Romney defends Biden's 2020 win after Trump attacks GOP's Rounds, 2 days ago, Following an attack by former President Donald Trump Sen Mitt Romney defended South Dakota Republican Sen. Mike Rounds Monday for accurately stating that..., https://news.yahoo.com/romney-defends-bidens-2020-win-after-trump-attacks-gop-sen-rounds-213725843.html 
Biden officials require insurers to cover eight at-home tests per month | TheHill, 2 days ago, The Biden administration on Monday issued rules requiring private health insurers to cover the cost of at-home COVID-19 tests starting Jan., https://thehill.com/policy/healthcare/589069-biden-officials-require-insurers-to-cover-eight-at-home-tests-per-month 
Joe Manchin's former aides gain influential lobbying clients as their ex-boss battles Biden's agenda, 2 days ago, Former aides to Sen. Joe Manchin who are now lobbyists are scoring big clients as their ex-boss battles President Biden's agenda., https://www.cnbc.com/2022/01/10/joe-manchins-former-aides-get-top-tier-lobbying-clients-as-ex-boss-fights-biden-agenda.html 
The Danger of the Supreme Court Undercutting Biden’s Vaccination Rules, 2 days ago, The Supreme Court's ruling on Biden's vaccine mandate could have major implications for American life., https://time.com/6138247/supreme-court-bidens-vaccination-rules/ 
Biden Has Met the Enemy and He Is Us, 2 days ago, What if Kamala Harris believed it when she likened the Capitol riot to Pearl Harbor and 9/11?, https://www.wsj.com/articles/biden-has-met-the-enemy-and-he-is-us-national-security-harris-jan-6-capitol-hill-riot-protest-russia-china-aghanistan-ukraine-nato-11641832907 
Biden Approval Rating Relapses As Omicron Surges Stock Market Slumps, 2 days ago, President Biden's approval rating fell as omicron cases and inflation surged and the stock market rally faltered the new IBD/TIPP Poll finds., https://www.investors.com/politics/biden-approval-rating-relapses-as-omicron-surges-stock-market-slumps/ 
Opinion | Covid 3.0 Biden 2.0 and Trump Number …, 2 days ago, Bret Stephens: Happy '22 Gail. Hope your year is off to a good start. Eager to get your thoughts on Covid 3.0 which nearly every other person I know seems..., https://www.nytimes.com/2022/01/10/opinion/covid-biden-trump.html 
Why Biden’s Expanded Child Tax Credit Isn’t More Popular, 2 days ago, A significant piece of President Biden's domestic agenda has come to an end. The monthly expansion of the existing child tax credit expired last month after..., https://www.nytimes.com/2022/01/05/upshot/biden-child-tax-credit.html 
Omicron Makes Biden’s Vaccine Mandates Obsolete, 3 days ago, Federal courts considering the Biden administration's vaccination mandates—including the Supreme Court at Friday's oral argument—have focused on..., https://www.wsj.com/articles/omicron-makes-bidens-vaccine-mandates-obsolete-covid-healthcare-osha-evidence-supreme-court-11641760009 
Biden Comes Out Swinging Against Republicans as His Agenda Stalls, 3 days ago, WASHINGTON — President Biden has begun his second year in office by lashing out at Republicans embracing forceful new attacks meant to define a choice for..., https://www.nytimes.com/2022/01/09/us/politics/biden-republicans-agenda.html 
‘We are going right to the belly of the beast’: Biden takes on Georgia, 3 days ago, Fresh off a high-profile speech in which he warned that a dagger had been placed at the throat of American democracy President Joe Biden will travel to the..., https://www.politico.com/news/2022/01/09/joe-biden-takes-on-georgia-voting-526801 
Harry Reid’s Memorial Draws Tributes From Biden and Obama, 4 days ago, WASHINGTON — President Biden and former President Barack Obama honored Harry M. Reid on Saturday as a loyal son of Nevada who rose to become a plain-spoken..., https://www.nytimes.com/2022/01/08/us/politics/harry-reid-memorial-service.html 
Biden administration guidance prioritizes race in administering COVID drugs, 4 days ago, Guidance issued under the Biden administration states certain individuals may be considered “high risk” and more quickly qualify for monoclonal antibodies..., https://www.foxnews.com/politics/biden-administration-guidance-prioritizes-race-administering-covid-drugs 
Biden admin weighs proposing cuts in U.S. Russian forces in Eastern Europe, 4 days ago, U.S. officials are ready to propose scaling back U.S. and Russian troop deployments in Eastern Europe during next week's talks current and ex-officials..., https://www.nbcnews.com/politics/national-security/biden-admin-weighs-proposing-cuts-us-russian-forces-eastern-europe-rcna11080 
U.S. Supreme Court conservatives lean against Biden business vaccine policy, 4 days ago, Conservative U.S. Supreme Court justices on Friday questioned the legality of President Joe Biden's pandemic-related vaccine-or-testing mandate for large..., https://www.reuters.com/world/us/us-supreme-court-considers-whether-halt-biden-vaccine-mandates-2022-01-07/ 
Strategy shift: Biden confronts Trump head on after year of silent treatment, 4 days ago, In the first moments of his presidency Joe Biden called on Americans to set aside their deep divisions inflamed by a predecessor he intentionally ignored., https://www.theguardian.com/us-news/2022/jan/08/joe-biden-donald-trump-president-strategy 
The Supreme Court appears more afraid of Joe Biden than it is of Covid-19, 5 days ago, The Court's Republican majority seems very concerned with reining in Biden's power to fight a deadly pandemic., https://www.vox.com/2022/1/7/22871919/supreme-court-vaccine-mandate-osha-workplace-cms-medicare-medicaid-biden 
A year after U.S. Capitol siege Biden blasts Trump's 'web of lies', 5 days ago, President Joe Biden on Thursday accused his predecessor Donald Trump of spreading a "web of lies" to undermine U.S. democracy in a speech on the anniversary..., https://www.reuters.com/world/us/biden-call-trump-threat-democracy-us-capitol-attack-anniversary-2022-01-06/ 
Mary Trump Spots The ‘Psy-Op’ Against Donald Trump In Joe Biden’s Jan. 6 Speech, 5 days ago, The ex-president's niece agreed with MSNBC's Lawrence O'Donnell that it was designed to go "straight into Donald Trump's heart.", https://www.huffpost.com/entry/mary-trump-joe-biden-jan-6-speech-trump_n_61d7eca4e4b0bb04a642fe00 
